{
    "rmse": 0.7743080739795849,
    "mae": 0.6218641539649628,
    "r2": 0.04453706226298915
}